<?xml version="1.0" encoding="UTF-8"?>
<project-private xmlns="http://www.netbeans.org/ns/project-private/1">
    <editor-bookmarks xmlns="http://www.netbeans.org/ns/editor-bookmarks/2" lastBookmarkId="0"/>
    <open-files xmlns="http://www.netbeans.org/ns/projectui-open-files/2">
        <group>
            <file>file:/C:/Users/migue/Documents/NetBeansProjects/GestionEscolar1/src/Gestionescolar1/CrudE.java</file>
            <file>file:/C:/Users/migue/Documents/NetBeansProjects/GestionEscolar1/src/Gestionescolar1/MostrarE.java</file>
            <file>file:/C:/Users/migue/Documents/NetBeansProjects/GestionEscolar1/src/Gestionescolar1/BorrarD.java</file>
            <file>file:/C:/Users/migue/Documents/NetBeansProjects/GestionEscolar1/src/Gestionescolar1/EditarD.java</file>
            <file>file:/C:/Users/migue/Documents/NetBeansProjects/GestionEscolar1/src/Gestionescolar1/EditarE.java</file>
            <file>file:/C:/Users/migue/Documents/NetBeansProjects/GestionEscolar1/src/Gestionescolar1/BorrarE.java</file>
            <file>file:/C:/Users/migue/Documents/NetBeansProjects/GestionEscolar1/src/Gestionescolar1/CrudD.java</file>
            <file>file:/C:/Users/migue/Documents/NetBeansProjects/GestionEscolar1/src/Gestionescolar1/MostrarD.java</file>
        </group>
    </open-files>
</project-private>
